{
  "service": {
    "service": "shpo",
    "serviceObject": {
      "name": "shpo"
    },
    "provider": {
      "name": "aws",
      "runtime": "nodejs20.x",
      "environment": {
        "MONGO_URI": "mongodb+srv://arjun:Arjun777@cluster0.dflo2ii.mongodb.net/Shopcom?retryWrites=true&w=majority&appName=Cluster0",
        "PORT": "3002",
        "VITE_API_BASE_URL": "http://localhost:3002",
        "MAIL_HOST": "smtp.gmail.com",
        "MAIL_USER": "athulkp22321@gmail.com",
        "MAIL_PASS": "athul@123",
        "ACCESS_TOKEN_SECRET": "9e665e03f0bf768fdf82277e91bac380274b738707701c6c2ad8b2fd4851273941171578a4512b29e649e4daabaaa801989cb30b0980f1ab3079c46b65f44537",
        "REFRESH_TOKEN_SECRET": "1a541bcb39bf6fef8d8a339c51bca77fbe9a253981710564f955375044a1b8a12e1bce1140722ff24e2818cc195d52c734f098cab80fef9cf2b704faba77b319"
      },
      "stage": "dev",
      "region": "us-east-1",
      "versionFunctions": true,
      "compiledCloudFormationTemplate": {
        "AWSTemplateFormatVersion": "2010-09-09",
        "Description": "The AWS CloudFormation template for this Serverless application",
        "Resources": {
          "AppLogGroup": {
            "Type": "AWS::Logs::LogGroup",
            "Properties": {
              "LogGroupName": "/aws/lambda/shpo-dev-app"
            }
          },
          "IamRoleLambdaExecution": {
            "Type": "AWS::IAM::Role",
            "Properties": {
              "AssumeRolePolicyDocument": {
                "Version": "2012-10-17",
                "Statement": [
                  {
                    "Effect": "Allow",
                    "Principal": {
                      "Service": [
                        "lambda.amazonaws.com"
                      ]
                    },
                    "Action": [
                      "sts:AssumeRole"
                    ]
                  }
                ]
              },
              "Policies": [
                {
                  "PolicyName": {
                    "Fn::Join": [
                      "-",
                      [
                        "shpo",
                        "dev",
                        "lambda"
                      ]
                    ]
                  },
                  "PolicyDocument": {
                    "Version": "2012-10-17",
                    "Statement": [
                      {
                        "Effect": "Allow",
                        "Action": [
                          "logs:CreateLogStream",
                          "logs:CreateLogGroup",
                          "logs:TagResource"
                        ],
                        "Resource": [
                          {
                            "Fn::Sub": "arn:${AWS::Partition}:logs:${AWS::Region}:${AWS::AccountId}:log-group:/aws/lambda/shpo-dev*:*"
                          }
                        ]
                      },
                      {
                        "Effect": "Allow",
                        "Action": [
                          "logs:PutLogEvents"
                        ],
                        "Resource": [
                          {
                            "Fn::Sub": "arn:${AWS::Partition}:logs:${AWS::Region}:${AWS::AccountId}:log-group:/aws/lambda/shpo-dev*:*:*"
                          }
                        ]
                      }
                    ]
                  }
                }
              ],
              "Path": "/",
              "RoleName": {
                "Fn::Join": [
                  "-",
                  [
                    "shpo",
                    "dev",
                    {
                      "Ref": "AWS::Region"
                    },
                    "lambdaRole"
                  ]
                ]
              }
            }
          },
          "AppLambdaFunction": {
            "Type": "AWS::Lambda::Function",
            "Properties": {
              "Code": {
                "S3Bucket": "serverless-framework-deployments-us-east-1-3649e993-1fc9",
                "S3Key": "serverless/shpo/dev/1732634002307-2024-11-26T15:13:22.307Z/shpo.zip"
              },
              "Handler": "/Users/arjuns/Downloads/Shop.com-main/server/server.js/server.handler",
              "Runtime": "nodejs20.x",
              "FunctionName": "shpo-dev-app",
              "MemorySize": 1024,
              "Timeout": 6,
              "Environment": {
                "Variables": {
                  "MONGO_URI": "mongodb+srv://arjun:Arjun777@cluster0.dflo2ii.mongodb.net/Shopcom?retryWrites=true&w=majority&appName=Cluster0",
                  "PORT": "3002",
                  "VITE_API_BASE_URL": "http://localhost:3002",
                  "MAIL_HOST": "smtp.gmail.com",
                  "MAIL_USER": "athulkp22321@gmail.com",
                  "MAIL_PASS": "athul@123",
                  "ACCESS_TOKEN_SECRET": "9e665e03f0bf768fdf82277e91bac380274b738707701c6c2ad8b2fd4851273941171578a4512b29e649e4daabaaa801989cb30b0980f1ab3079c46b65f44537",
                  "REFRESH_TOKEN_SECRET": "1a541bcb39bf6fef8d8a339c51bca77fbe9a253981710564f955375044a1b8a12e1bce1140722ff24e2818cc195d52c734f098cab80fef9cf2b704faba77b319"
                }
              },
              "Role": {
                "Fn::GetAtt": [
                  "IamRoleLambdaExecution",
                  "Arn"
                ]
              }
            },
            "DependsOn": [
              "AppLogGroup"
            ]
          },
          "AppLambdaVersionF6AnkEtPWuwoRtg7TpQyvTDsc3Y5Hf5XAAmAZDuNCtA": {
            "Type": "AWS::Lambda::Version",
            "DeletionPolicy": "Retain",
            "Properties": {
              "FunctionName": {
                "Ref": "AppLambdaFunction"
              },
              "CodeSha256": "PsRD8L61+m6BxOnMpDbq6YhjDGeUW/Eg+Sm5FT1x9Yc="
            }
          },
          "HttpApi": {
            "Type": "AWS::ApiGatewayV2::Api",
            "Properties": {
              "Name": "dev-shpo",
              "ProtocolType": "HTTP"
            }
          },
          "HttpApiStage": {
            "Type": "AWS::ApiGatewayV2::Stage",
            "Properties": {
              "ApiId": {
                "Ref": "HttpApi"
              },
              "StageName": "$default",
              "AutoDeploy": true,
              "DefaultRouteSettings": {
                "DetailedMetricsEnabled": false
              }
            }
          },
          "AppLambdaPermissionHttpApi": {
            "Type": "AWS::Lambda::Permission",
            "Properties": {
              "FunctionName": {
                "Fn::GetAtt": [
                  "AppLambdaFunction",
                  "Arn"
                ]
              },
              "Action": "lambda:InvokeFunction",
              "Principal": "apigateway.amazonaws.com",
              "SourceArn": {
                "Fn::Join": [
                  "",
                  [
                    "arn:",
                    {
                      "Ref": "AWS::Partition"
                    },
                    ":execute-api:",
                    {
                      "Ref": "AWS::Region"
                    },
                    ":",
                    {
                      "Ref": "AWS::AccountId"
                    },
                    ":",
                    {
                      "Ref": "HttpApi"
                    },
                    "/*"
                  ]
                ]
              }
            }
          },
          "HttpApiIntegrationApp": {
            "Type": "AWS::ApiGatewayV2::Integration",
            "Properties": {
              "ApiId": {
                "Ref": "HttpApi"
              },
              "IntegrationType": "AWS_PROXY",
              "IntegrationUri": {
                "$ref": "$[\"service\"][\"provider\"][\"compiledCloudFormationTemplate\"][\"Resources\"][\"AppLambdaPermissionHttpApi\"][\"Properties\"][\"FunctionName\"]"
              },
              "PayloadFormatVersion": "2.0",
              "TimeoutInMillis": 30000
            }
          },
          "HttpApiRouteAny": {
            "Type": "AWS::ApiGatewayV2::Route",
            "Properties": {
              "ApiId": {
                "Ref": "HttpApi"
              },
              "RouteKey": "ANY /",
              "Target": {
                "Fn::Join": [
                  "/",
                  [
                    "integrations",
                    {
                      "Ref": "HttpApiIntegrationApp"
                    }
                  ]
                ]
              }
            },
            "DependsOn": "HttpApiIntegrationApp"
          },
          "HttpApiRouteAnyProxyVar": {
            "Type": "AWS::ApiGatewayV2::Route",
            "Properties": {
              "ApiId": {
                "Ref": "HttpApi"
              },
              "RouteKey": "ANY /{proxy+}",
              "Target": {
                "Fn::Join": [
                  "/",
                  [
                    "integrations",
                    {
                      "Ref": "HttpApiIntegrationApp"
                    }
                  ]
                ]
              }
            },
            "DependsOn": "HttpApiIntegrationApp"
          }
        },
        "Outputs": {
          "ServerlessDeploymentBucketName": {
            "Value": "serverless-framework-deployments-us-east-1-3649e993-1fc9",
            "Export": {
              "Name": "sls-shpo-dev-ServerlessDeploymentBucketName"
            }
          },
          "AppLambdaFunctionQualifiedArn": {
            "Description": "Current Lambda function version",
            "Value": {
              "Ref": "AppLambdaVersionF6AnkEtPWuwoRtg7TpQyvTDsc3Y5Hf5XAAmAZDuNCtA"
            },
            "Export": {
              "Name": "sls-shpo-dev-AppLambdaFunctionQualifiedArn"
            }
          },
          "HttpApiId": {
            "Description": "Id of the HTTP API",
            "Value": {
              "Ref": "HttpApi"
            },
            "Export": {
              "Name": "sls-shpo-dev-HttpApiId"
            }
          },
          "HttpApiUrl": {
            "Description": "URL of the HTTP API",
            "Value": {
              "Fn::Join": [
                "",
                [
                  "https://",
                  {
                    "Ref": "HttpApi"
                  },
                  ".execute-api.",
                  {
                    "Ref": "AWS::Region"
                  },
                  ".",
                  {
                    "Ref": "AWS::URLSuffix"
                  }
                ]
              ]
            },
            "Export": {
              "Name": "sls-shpo-dev-HttpApiUrl"
            }
          }
        }
      },
      "vpc": {}
    },
    "custom": {
      "dotenv": {
        "basePath": "../",
        "include": [
          "MONGO_URI"
        ]
      }
    },
    "plugins": [
      "serverless-dotenv-plugin"
    ],
    "pluginsData": {},
    "functions": {
      "app": {
        "handler": "/Users/arjuns/Downloads/Shop.com-main/server/server.js/server.handler",
        "events": [
          {
            "httpApi": {
              "path": "/",
              "method": "ANY"
            },
            "resolvedMethod": "ANY",
            "resolvedPath": "/"
          },
          {
            "httpApi": {
              "path": "/{proxy+}",
              "method": "ANY"
            },
            "resolvedMethod": "ANY",
            "resolvedPath": "/{proxy+}"
          }
        ],
        "name": "shpo-dev-app",
        "package": {},
        "memory": 1024,
        "timeout": 6,
        "runtime": "nodejs20.x",
        "vpc": {},
        "versionLogicalId": "AppLambdaVersionF6AnkEtPWuwoRtg7TpQyvTDsc3Y5Hf5XAAmAZDuNCtA"
      }
    },
    "configValidationMode": "warn",
    "serviceFilename": "serverless.yml",
    "initialServerlessConfig": {
      "org": "arjun112",
      "app": "shop",
      "service": "shpo",
      "provider": {
        "$ref": "$[\"service\"][\"provider\"]"
      },
      "functions": {
        "$ref": "$[\"service\"][\"functions\"]"
      },
      "plugins": {
        "$ref": "$[\"service\"][\"plugins\"]"
      },
      "custom": {
        "$ref": "$[\"service\"][\"custom\"]"
      }
    },
    "app": "shop",
    "appId": null,
    "org": "arjun112",
    "orgId": null,
    "layers": {},
    "artifact": "/Users/arjuns/Downloads/Shop.com-main/server/shpo/.serverless/shpo.zip"
  },
  "package": {
    "artifactDirectoryName": "serverless/shpo/dev/1732634002307-2024-11-26T15:13:22.307Z",
    "artifact": "shpo.zip"
  }
}